Gene,DEG
C4b,UP
C3,UP
Nr5a2,DOWN
Il6,UP
Serpina3n,UP
Olfr873,UP
Olfr39,UP
Cilp,UP
Mbd1,UP
Hspa1a,UP
Tnfaip6,UP
Ccr9,UP
Ly6k,UP
Ccl8,UP
Cebpd,UP
C1qtnf3,UP
Ly6h,UP
Serping1,UP
Gm12840,UP
Retnla,UP
Gpx3,UP
Nnmt,UP
Atf7ip2,UP
Apoa4,DOWN
Penk,UP
Itgbl1,UP
Slc10a6,UP
Igfbp6,UP
Gfpt2,UP
Gm42653,UP
Hao2,DOWN
Ggt5,UP
Amy1,UP
Timp2,UP
Ltf,UP
Fbln1,UP
Cp,UP
Gsta3,UP
Has1,UP
Pnliprp1,UP
Prlr,DOWN
Ly6a,UP
Abca8a,UP
Casp4,UP
Npy,UP
Mt1,UP
2410018L13Rik,UP
Col13a1,UP
Apod,UP
Meg3,UP
Hsd3b1,DOWN
Dpep1,UP
Il33,UP
Aif1l,DOWN
Birc3,UP
AC164623.1,UP
Gm10046,UP
Cyp27a1,UP
Ppp1r14c,UP
C1ra,UP
Angpt4,UP
Acsm3,UP
Edn1,UP
Ptgds,UP
Ifi205,UP
Slc43a3,UP
Cyp11a1,DOWN
Nr4a3,UP
Slco2b1,UP
Gsn,UP
Apoe,UP
Anxa9,UP
Svep1,UP
Rhob,UP
Fst,DOWN
Ifi203,UP
Gm9780,UP
Gm45551,UP
Htra3,UP
Icam1,UP
Hspb1,UP
G530011O06Rik,UP
Hspa1b,UP
Ccdc153,UP
Cyp2b10,UP
Rian,UP
Osmr,UP
Ccl7,UP
1500015O10Rik,UP
Gm43430,UP
Fgl2,UP
Creb5,UP
Slc18a2,DOWN
Bambi,UP
Ndnf,UP
Coq10b,UP
Klf4,UP
Atf3,UP
Bgn,UP
Col1a1,UP
Cuzd1,UP
Fxyd3,UP
Scara5,UP
Amh,DOWN
Mndal,UP
Fdx1,DOWN
Inhbb,DOWN
Gm37899,UP
Slit3,UP
Gm20711,UP
Ms4a4d,UP
Arid5a,UP
Ier5,UP
Pnp,UP
Rnase4,UP
1500009L16Rik,UP
Serpine1,UP
Serpina3g,UP
Ces1d,UP
Nnat,DOWN
Fmo2,UP
Gm26532,UP
Ecm1,UP
Lbp,UP
Zfp771,UP
Nipal1,DOWN
Lhcgr,DOWN
Csf1,UP
Phlda1,UP
Calb2,UP
Bex4,DOWN
Prelp,UP
Podn,UP
Chst8,DOWN
Hsd11b1,UP
Trim47,UP
Ramp1,UP
1810064F22Rik,UP
Fam13a,DOWN
Efemp1,UP
Col4a4,UP
Dynlrb2,UP
Akr1c18,DOWN
Tenm4,DOWN
Hk2,UP
Cxcl10,UP
Entpd2,UP
Ifi211,UP
Nap1l5,DOWN
Gpnmb,UP
CT030170.6,UP
Gm20186,UP
H2-T23,UP
Col6a6,UP
Scarb2,UP
Tifa,UP
Colec11,UP
CT571252.1,UP
Nfkbia,UP
1700017B05Rik,UP
Ptgs2,UP
Olfml3,UP
Bhlhe40,UP
AC124739.5,UP
Thbs4,DOWN
Wfdc2,UP
Vcan,DOWN
Dbp,UP
Rtn4rl1,UP
Csrnp1,UP
Xdh,UP
9030624G23Rik,UP
Cpxm2,UP
Tnfaip3,UP
Mpped2,DOWN
Mmp3,UP
Bag3,UP
Calb1,UP
Fbxw19,UP
Nfkbiz,UP
Cfap53,UP
Apoc1,UP
Pltp,UP
Ccl11,UP
Map3k8,UP
Lmna,UP
Col15a1,UP
A530020G20Rik,DOWN
Scn7a,UP
B830012L14Rik,UP
Mt2,UP
Col9a2,DOWN
C1s1,UP
Cpxm1,UP
Rab20,UP
Nfkb1,UP
Ccl19,UP
Gm26917,DOWN
Svs5,UP
Nr4a1,UP
Rab24,UP
Tmem252,UP
D630023F18Rik,DOWN
Caly,UP
Kng2,UP
AC159308.5,UP
Cxcl1,UP
Gm15844,UP
Sbno2,UP
Tcap,UP
Art3,UP
C1qb,UP
Eif3f,UP
Dcn,UP
Avpr1a,UP
Selenop,UP
Dusp1,UP
Igfbp7,UP
Qprt,UP
AC111046.1,UP
Ampd3,UP
Socs1,UP
Kcne4,UP
C7,UP
Htra1,UP
Akr1c14,DOWN
Olfr889,UP
Clec10a,UP
Mafk,UP
Wfdc15b,UP
Cbr2,UP
Pcdhb22,UP
Pcp4l1,UP
Cd163l1,UP
Slc38a3,DOWN
Jakmip3,DOWN
Ccl2,UP
Pim1,UP
Cd200,UP
Cst3,UP
C1qc,UP
Gm15551,UP
3222401L13Rik,UP
Serpina3m,UP
E330017L17Rik,DOWN
Gm15607,UP
Vsig1,UP
S1pr3,UP
Nt5dc2,UP
Errfi1,UP
Cidea,UP
8030411F24Rik,UP
Fam107a,UP
C1qa,UP
Dpt,UP
Tnfsf12,UP
Fshr,DOWN
Agtr1a,UP
Jund,UP
Fxyd1,UP
Wnt6,UP
Ube2c,DOWN
Irak3,UP
Ccnl1,UP
Bcr,UP
Aspn,UP
Cldn3,UP
Ifitm3,UP
Plat,UP
Defb36,UP
Col4a3,UP
Rab40b,UP
Maff,UP
Klf6,UP
Aqp8,UP
Plscr2,UP
Itih3,UP
Akr1cl,DOWN
Tmem212,UP
Tsc22d1,DOWN
Gm4349,UP
Xcl1,UP
Aoc1,UP
Cygb,UP
Upk1b,UP
Nfil3,UP
Cxcl16,UP
Gm43123,UP
Wfdc17,UP
Pdxk,UP
Pdpn,UP
Mirg,UP
Iigp1,UP
Gm42944,UP
Folr2,UP
Ccnb2,DOWN
Acbd6,UP
Sptbn1,UP
Lgals9,UP
Elovl6,DOWN
Cst12,UP
Adamts15,UP
Ext1,DOWN
Aldh1a3,UP
CT025600.2,UP
Net1,DOWN
Cpz,UP
Agt,UP
Capsl,UP
Icosl,UP
Mxra7,UP
Gdf10,UP
Dnajc15,DOWN
Plekhs1,UP
Celf2,UP
Tmem86a,DOWN
Zbtb16,UP
Fosl2,UP
L3mbtl4,UP
Ifi204,UP
Csrp2,DOWN
Btg1,UP
Ifrd1,UP
Adamts4,UP
Bri3,UP
Sulf1,UP
Ptp4a1,UP
Clec11a,UP
Sectm1a,UP
Dennd4a,UP
Sox17,UP
Nbl1,UP
Igfbp3,UP
Ctsk,UP
Rgs1,UP
Spry1,UP
Selenbp1,UP
Vstm4,UP
Ntrk1,UP
Il34,UP
Stc2,UP
Ppp2r2b,UP
Bmp3,DOWN
Maob,UP
Medag,UP
Pgbd5,DOWN
Sema3b,DOWN
Inha,DOWN
Trf,UP
Crip2,UP
Spon1,UP
Boc,UP
Cd34,UP
Cldn11,UP
Gnai1,UP
2810474O19Rik,UP
Grin2b,DOWN
Ecm2,UP
3110053B16Rik,UP
Slc22a26,UP
H2-Q4,UP
Ppm1m,UP
Clic4,UP
CT030657.2,UP
Gnao1,DOWN
Dok7,DOWN
Socs2,DOWN
Efcab10,UP
Itga8,UP
Gstm6,UP
Lcn2,UP
Hdc,UP
Procr,UP
Cd3e,UP
Acvrl1,UP
Trib1,UP
Plvap,UP
2810429I04Rik,UP
Nrtn,UP
Tob1,UP
Pink1,UP
Fosb,UP
Bcl3,UP
Gstt1,UP
Lsmem1,UP
Fcrls,UP
Sat1,UP
Rrm2,DOWN
Vegfd,UP
Steap4,UP
Ins2,UP
Olfr1033,UP
Dnajb4,UP
Adam33,UP
Zfp125,UP
Hspd1,DOWN
Etd,UP
Emp1,UP
Zfp36,UP
Irs2,UP
1700030C10Rik,UP
Tprgl,UP
Nid1,UP
Ctsh,UP
Gabra3,UP
Alox15,UP
Hmox1,UP
Calml4,UP
Spsb1,DOWN
Pla2g1b,DOWN
Nts,UP
Bnip3,DOWN
Fndc7,UP
Ccl4,UP
Clu,UP
Il15ra,UP
Eloa,UP
Gm13212,UP
Cited2,DOWN
Ly6c1,UP
Gadd45g,UP
Foxp2,DOWN
Upk1a,UP
Vwa5a,UP
Csf3,UP
Atp6v0e2,DOWN
Ccnb1,DOWN
Itpkc,UP
Il4ra,UP
Col6a5,UP
Gldn,DOWN
Idh1,DOWN
Mgl2,UP
Bace2,UP
Bex1,DOWN
Xpa,UP
Dpf3,DOWN
Lgals3bp,UP
H2-Eb1,UP
Nek6,DOWN
Foxo1,DOWN
Abcc9,UP
Mzt2,UP
Slc29a1,UP
Lrg1,UP
Tnfsf9,UP
Gm4956,UP
Gm20760,UP
Mecom,UP
Ppp1r1b,UP
Dnaja1,UP
1110017D15Rik,UP
Gm42851,UP
Il13ra2,DOWN
2600014E21Rik,UP
Aim2,UP
Cops7b,DOWN
Vapa,UP
Sntb2,UP
Tm4sf1,UP
Crispld1,UP
Pcp4,UP
Slamf9,UP
Arhgap24,UP
Ly6e,UP
Gm45396,UP
C2,UP
Cd302,UP
Rnd1,UP
Neat1,UP
Gria4,UP
Dhcr7,DOWN
Col3a1,UP
Spsb4,DOWN
Trdc,UP
Gm17042,UP
Nfkbid,UP
Gm31135,DOWN
Lrrc2,DOWN
Bcl2a1b,UP
Apln,DOWN
Pnlip,UP
Arsa,UP
Clec3b,UP
Apold1,UP
Tspan6,DOWN
Prkag3,UP
Muc1,UP
Pimreg,DOWN
Sfrp1,UP
Midn,UP
Cebpb,UP
S100a8,UP
Prkcd,DOWN
Gm12122,UP
Lepr,UP
Trem2,UP
Cela3b,UP
Gm15543,DOWN
Chst11,DOWN
Lag3,UP
Ccr5,UP
Klf2,UP
Eno1,DOWN
Retreg2,UP
Gm5258,DOWN
Smagp,UP
Scand1,UP
Scarf2,UP
Plpp1,UP
G0s2,UP
Cyp2f2,UP
Tubg1,DOWN
Rnf10,UP
Col1a2,UP
Gstm1,UP
Gm43834,UP
Dnajb1,UP
Slmap,UP
Erf,UP
Cela1,UP
Vmp1,UP
Gm17056,UP
Sbspon,UP
Wee1,UP
H2-Ab1,UP
Gata2,UP
Gpr141,DOWN
Barx2,UP
H2-D1,UP
Zfp445,UP
Ctnna3,UP
Cst9,UP
Cldn4,UP
Gm7666,DOWN
Arhgef28,DOWN
Metrnl,UP
Sphk1,UP
Cdca8,DOWN
Tubb3,UP
Ngf,UP
Gpld1,UP
Egr1,UP
Igfbp5,DOWN
Zfp992,UP
Col14a1,UP
Cenpm,DOWN
Lpl,UP
Ptch2,UP
Krt83,UP
Ccdc80,UP
Atp1a2,UP
Inmt,UP
Col6a2,UP
Nfatc1,UP
Abi3bp,UP
Map4,UP
Hivep3,UP
Insl3,UP
AC127242.1,UP
Sstr1,DOWN
Fem1b,UP
Hmgn2,DOWN
Cntfr,UP
Elf3,UP
Sqstm1,UP
Ftl1-ps1,UP
Ogn,UP
Btg2,UP
Gm16505,UP
Trim24,UP
Rap1b,UP
Cryab,UP
Dppa2,UP
Pxdc1,UP
Gxylt2,UP
Myd88,UP
Bag1,UP
Isg15,UP
Nt5dc3,UP
Ddit4l,DOWN
Esr2,DOWN
Camk2g,DOWN
Adig,UP
Sbk1,DOWN
Gfra4,UP
Osr1,UP
Tns2,UP
Map1b,DOWN
Pnrc1,UP
Hexb,UP
Rgs4,UP
Litaf,UP
Sik1,UP
Igsf23,UP
Acta2,DOWN
Nme4,DOWN
Pdcd1,UP
Rmdn2,DOWN
Nrp1,UP
Dcun1d5,UP
Cdc20,DOWN
Slc30a2,UP
Thrsp,UP
Zfp949,UP
Serinc3,UP
Tex15,DOWN
Cd3g,UP
Sod3,UP
Foxl2,DOWN
Cxcr6,UP
Zc3h12a,UP
Coch,DOWN
Cry2,UP
Trim9,UP
3300002A11Rik,UP
Gm10115,UP
Mknk2,UP
Ptprh,UP
Olfr506,UP
Tspan4,UP
Cdk1,DOWN
Dctpp1,DOWN
Kcne2,DOWN
Anxa8,UP
Epdr1,DOWN
AC159890.1,UP
Adamts2,UP
Sntn,UP
Trdn,UP
Tcrg-C2,UP
Oxtr,DOWN
Robo4,UP
Birc5,DOWN
Hlf,UP
Tcrg-C1,UP
Mroh2a,UP
Plekhf1,UP
Efhd2,UP
Ing2,UP
Krt19,UP
Sparc,UP
Rcan1,UP
Smad7,UP
Akap2,UP
Fbln5,UP
Zfp36l2,UP
Pcolce,UP
Tuft1,UP
Top2a,DOWN
Tnnt2,UP
Col8a2,UP
Enpep,DOWN
Ccdc85a,UP
Ugdh,UP
Plce1,UP
Clca3a1,UP
Sox9,UP
Slc5a4b,DOWN
Serpina3i,UP
Zfp773,UP
Peak1,UP
Prkar2b,DOWN
Fbxw16,UP
Col11a1,DOWN
Vwa1,UP
Csrnp3,DOWN
Gm17971,UP
Ccl19-ps1,UP
Tmem160,UP
Nr4a2,UP
Mxra8,UP
Nxpe5,UP
Il6ra,UP
Plin5,DOWN
Lpar3,UP
Tcf23,UP
Fbn2,DOWN
Cfb,UP
Cks2,DOWN
Csf2,UP
Zfp318,UP
Zfp809,UP
Cebpg,UP
Hist1h2ap,DOWN
Rab33a,DOWN
Rxfp1,UP
Setbp1,UP
Plk3,UP
Nupr1,UP
Mmp19,UP
Cyp2d22,UP
Gm45670,UP
Smarca1,DOWN
Pde10a,UP
Hmga2,DOWN
Racgap1,DOWN
Ihh,DOWN
H6pd,UP
Tnfsf13b,UP
Grem2,DOWN
Fam222a,DOWN
Ang,UP
Spock2,UP
Fas,UP
H2-Aa,UP
Ywhah,UP
Mgarp,DOWN
Cyp4f18,UP
Krt18,UP
Hes1,UP
Tmem141,DOWN
Sult1a1,UP
Polr2m,UP
Cldn7,UP
Zfp948,UP
Gm45184,UP
Nr1h3,UP
Snord13,UP
2610028H24Rik,UP
Slfn5,UP
Cnmd,UP
Ugt3a2,UP
Casp12,UP
Il6st,UP
1700011H14Rik,UP
Tpx2,DOWN
Crtap,UP
Serpina1b,UP
Cys1,UP
Twist2,UP
1700016K19Rik,UP
4833411C07Rik,UP
Knstrn,DOWN
Stk40,UP
Plcb4,UP
Gm43670,UP
Ankrd35,DOWN
Nusap1,DOWN
Pgam1,DOWN
Ank3,DOWN
Ripk1,UP
Aox3,UP
Sulf2,DOWN
Tpsb2,UP
Tmem171,DOWN
Ppp1r2,UP
Lamp2,UP
Pclaf,DOWN
Gm21964,UP
Ahsg,UP
Crabp2,DOWN
Rbp7,UP
Klra7,UP
Nfib,UP
Tiparp,UP
Siglech,DOWN
Fosl1,UP
Dnah5,UP
Pbld1,UP
Per1,UP
Ndufs4,DOWN
Mif,DOWN
Smim10l2a,DOWN
Slc22a14,UP
Slc43a1,UP
Tapbp,UP
Rprd1a,UP
Mrc1,UP
Lactb,UP
Mfap5,UP
Kif1bp,UP
Lrp1,UP
Actn2,UP
Pde12,UP
Abca1,UP
Fkbp6,UP
Gimap6,UP
Ssc5d,UP
Matn2,UP
Ccna2,DOWN
Grp,UP
Pifo,UP
Lrrtm3,UP
Sds,UP
Nop58,UP
Ifi202b,UP
Rab25,UP
Gm4759,UP
Rgs17,UP
Col26a1,DOWN
Rangrf,DOWN
Gm44691,UP
Agr2,UP
Relb,UP
Ikzf3,UP
Col5a1,UP
Ccrl2,UP
Tmbim1,UP
1700018G05Rik,UP
B2m,UP
Cd74,UP
Tmcc3,UP
Mmp12,UP
Aldh3b1,DOWN
Crip1,UP
Col4a5,UP
Tek,UP
Kcnh1,UP
Plekhh3,UP
Sema3g,DOWN
Efcc1,UP
Egr4,UP
Endog,UP
Glul,UP
Tmtc2,DOWN
Junb,UP
Robo2,DOWN
Nudcd2,DOWN
Jsrp1,DOWN
Kcnk1,UP
Plac9a,UP
Tpi1,DOWN
Smarcd2,UP
5330406M23Rik,UP
Egr2,UP
Cstf3,UP
Lrrc32,UP
Asgr1,DOWN
Serpinb9,UP
Rbp1,UP
Ier3,UP
Peg3,UP
Ppfia2,UP
Phf11d,UP
Slc14a1,UP
Tmem248,UP
Rfpl4,DOWN
Tppp3,UP
Tnfrsf4,UP
Glrx5,UP
Snrpf,DOWN
Lgmn,UP
Esyt2,UP
Gsk3a,UP
Atcayos,DOWN
Tpd52l1,DOWN
Icos,UP
Pgk1,DOWN
Cyp26a1,UP
Hsph1,UP
Tox2,DOWN
Ubc,UP
Mmd2,UP
Serpina1d,UP
BC028528,UP
Ghrh,UP
Myc,UP
Cd24a,UP
Crem,UP
Lifr,UP
Slco1a5,UP
Ctla4,UP
Id3,UP
Gja1,DOWN
Glud1,UP
Gpr34,UP
Gm30382,DOWN
Cd40lg,UP
Hspg2,UP
Inhba,DOWN
Actr3b,DOWN
Pdcd2,UP
Fmo1,UP
Inpp4b,UP
Col12a1,DOWN
Cenpf,DOWN
Abca3,UP
Klf3,UP
Psrc1,DOWN
Srxn1,UP
Kcna1,DOWN
Ptprs,DOWN
Arnt2,DOWN
H2-Q7,UP
Cdh5,UP
Ptges,DOWN
Gem,UP
Frmd5,DOWN
Pea15a,UP
Flt1,UP
Sult5a1,UP
Jmjd1c,UP
Col6a1,UP
Pcdhga12,UP
Echdc3,DOWN
Rdh10,UP
Slc25a33,UP
Uap1,UP
Hoxd11,DOWN
Abhd11os,UP
H2-K1,UP
Dusp5,UP
Ptpn22,UP
Cdk5rap1,DOWN
Cd83,UP
Il2rb,UP
