gene	sex.bias
Akap12	Sertoli
Aard	Sertoli
Elovl2	Sertoli
Hsd3b1	granulosa
Sulf2	granulosa
Nr5a2	granulosa
Cldn11	Sertoli
Wipf3	Sertoli
Ttyh1	Sertoli
Adora1	Sertoli
Htra1	granulosa
Basp1	Sertoli
Gm45889	Sertoli
Inhba	granulosa
Daam2	Sertoli
Reep1	Sertoli
Trank1	Sertoli
Fst	granulosa
Gstm6	Sertoli
AU015836	Sertoli
Celf2	Sertoli
Gas7	Sertoli
Xist	granulosa
Fam13a	granulosa
Lsr	Sertoli
Efhd1	Sertoli
Nhsl1	Sertoli
Map3k21	Sertoli
Cdh23	Sertoli
Cadm1	Sertoli
Scara5	Sertoli
Capn6	Sertoli
Dmrta1	Sertoli
Wt1	Sertoli
Cgn	Sertoli
Hsd17b1	granulosa
Sox8	Sertoli
Pwwp3b	Sertoli
Sox9	Sertoli
Cerk	Sertoli
Sema5b	Sertoli
Sema3g	granulosa
Npr1	Sertoli
Gpr37	Sertoli
Foxo1	granulosa
Serpine2	granulosa
Esr2	granulosa
Nt5e	Sertoli
Dtna	Sertoli
Prkcd	granulosa
Sema6c	Sertoli
Fscn1	granulosa
Col18a1	Sertoli
Dtx4	Sertoli
Trib2	granulosa
Spsb1	granulosa
Akr1cl	granulosa
Arhgap28	granulosa
Tmem184a	Sertoli
Tenm4	granulosa
Aebp1	granulosa
Nabp1	Sertoli
Flvcr2	Sertoli
Greb1	granulosa
Slc30a2	Sertoli
Notch1	Sertoli
Sowahc	Sertoli
Lhfpl2	granulosa
Slc6a6	granulosa
Dtx1	Sertoli
Hs6st2	Sertoli
Sh3gl2	Sertoli
Wnk3	Sertoli
Bex2	Sertoli
Jcad	Sertoli
Heph	granulosa
Vcan	granulosa
Shbg	Sertoli
Tnik	Sertoli
Wnt6	Sertoli
Gca	Sertoli
Adamts2	granulosa
Serpina5	Sertoli
Nap1l5	granulosa
Dusp6	Sertoli
Reep2	Sertoli
Nfib	Sertoli
Plekhg1	Sertoli
Qpct	Sertoli
Sparc	Sertoli
Epb41l3	Sertoli
Rnf144a	Sertoli
Ildr2	Sertoli
Akr1c14	granulosa
Prss23	granulosa
Syap1	Sertoli
Klhl23	Sertoli
Tpm3-rs7	Sertoli
Edn1	Sertoli
Pard6b	Sertoli
Bmpr1b	granulosa
Apoe	granulosa
Arhgef28	granulosa
Slmap	Sertoli
Scrn1	Sertoli
Plce1	Sertoli
Cgnl1	Sertoli
Itih5	granulosa
Mier3	Sertoli
Cables1	granulosa
Jade3	Sertoli
Tox2	granulosa
Plppr4	Sertoli
Timp3	Sertoli
Tram2	granulosa
Gstm1	Sertoli
Tyro3	Sertoli
Efhd2	Sertoli
Me1	Sertoli
Thbs1	granulosa
Rab31	Sertoli
Ptges	granulosa
Tmcc3	Sertoli
Tmem200b	Sertoli
Rcn3	granulosa
Lratd1	Sertoli
Chst8	granulosa
Gstm7	Sertoli
Myo1e	granulosa
Shisa8	Sertoli
Sdc1	granulosa
Zc3h7b	Sertoli
Eid1	Sertoli
Tmeff1	Sertoli
Shtn1	Sertoli
Robo1	granulosa
Sdc3	granulosa
Myo1b	granulosa
Ccdc160	Sertoli
Sh3d19	Sertoli
Dock9	granulosa
Cited1	Sertoli
Vdr	Sertoli
Cst12	Sertoli
Dhh	Sertoli
Tmem114	Sertoli
Foxq1	Sertoli
Gpx3	granulosa
Garnl3	Sertoli
Rcn1	granulosa
Mmd2	Sertoli
Phf8	Sertoli
Rab11fip4	Sertoli
Epha2	Sertoli
Aif1l	granulosa
Igsf9b	Sertoli
Plekho2	Sertoli
Rab7b	Sertoli
Kitl	Sertoli
Fxyd6	Sertoli
Lrp1	granulosa
C130074G19Rik	granulosa
Nectin2	Sertoli
Rplp2	granulosa
Igfbp3	Sertoli
Gng12	Sertoli
Dock4	granulosa
Frmd4b	Sertoli
Neu3	granulosa
Emilin3	Sertoli
Mxi1	Sertoli
Sdc4	Sertoli
Exoc3l2	Sertoli
Gja1	granulosa
Spock2	Sertoli
Mme	Sertoli
Stim1	Sertoli
Agt	granulosa
Ocln	Sertoli
Arid5b	Sertoli
Aldh1a1	Sertoli
Plagl1	granulosa
Fbn2	granulosa
Tubb3	Sertoli
Slc7a1	Sertoli
Gstm2	Sertoli
Psat1	Sertoli
Drp2	Sertoli
Fstl3	Sertoli
Cyfip2	granulosa
Sgk3	Sertoli
Dazl	Sertoli
Adgrl1	Sertoli
Espn	Sertoli
Chst11	granulosa
Acss1	Sertoli
Tacc1	Sertoli
Rras2	Sertoli
Cish	Sertoli
Msi1	Sertoli
Bcat1	granulosa
Hmgcs2	granulosa
Fhdc1	granulosa
Gm2a	Sertoli
Ppt1	Sertoli
Enpp2	Sertoli
Lpar2	Sertoli
Kctd12	Sertoli
Mycl	granulosa
Gpx7	granulosa
Ablim1	granulosa
Npr2	granulosa
Nxf3	Sertoli
Flrt1	Sertoli
Tmem255a	Sertoli
Slc27a6	Sertoli
Fam102a	Sertoli
Clec12b	Sertoli
Rack1	granulosa
1700017B05Rik	Sertoli
Arid5a	Sertoli
Defb19	Sertoli
Padi2	Sertoli
Olfml2b	Sertoli
Pcyt1a	Sertoli
Gna14	Sertoli
Pla2g5	Sertoli
Nectin1	granulosa
Map3k5	granulosa
Rab20	Sertoli
Add3	Sertoli
Serpinh1	granulosa
Igfbp5	granulosa
Lrp5	granulosa
Aff3	granulosa
Pde4b	Sertoli
Strip2	Sertoli
Kcnk13	Sertoli
Tmsb4x	Sertoli
Col6a1	granulosa
Fzd5	Sertoli
Pnkd	Sertoli
Ankrd13a	Sertoli
Wnt5a	Sertoli
Akr1b8	Sertoli
Pik3r1	granulosa
Tulp2	Sertoli
Hmgn5	Sertoli
Lonrf3	Sertoli
Epn3	Sertoli
Etl4	Sertoli
Nlrp14	granulosa
Kif1a	Sertoli
Fam234b	granulosa
Pxn	Sertoli
Ssh2	Sertoli
Prlr	granulosa
Sox6	Sertoli
Tns3	Sertoli
Foxo6	Sertoli
mt-Rnr1	Sertoli
Cachd1	granulosa
Bst2	granulosa
Hk2	Sertoli
Rps12	granulosa
Sobp	Sertoli
Flna	granulosa
Itpr2	granulosa
Zfp275	Sertoli
Large2	granulosa
Arhgef4	Sertoli
Sh3tc2	Sertoli
Ctnna2	Sertoli
6-Sep	Sertoli
F3	Sertoli
Selenon	granulosa
Hsd11b2	granulosa
Rnd2	Sertoli
Bcan	Sertoli
Ephx2	granulosa
Synj2	Sertoli
Gch1	granulosa
Oaf	granulosa
Hey2	granulosa
Fam169a	Sertoli
Pkia	Sertoli
Litaf	Sertoli
Adgrf5	granulosa
Rpl31	granulosa
Col9a2	granulosa
Islr2	Sertoli
Nt5dc2	granulosa
Prxl2a	Sertoli
Ldha	granulosa
Znfx1	Sertoli
Nuak2	Sertoli
Bmp6	granulosa
Idh2	granulosa
Mark1	granulosa
Zdbf2	Sertoli
Ly6e	Sertoli
Gpr55	Sertoli
Cdc42se1	Sertoli
Pik3cd	granulosa
Slc7a2	Sertoli
Hdac6	Sertoli
Wnk4	Sertoli
Tgfbi	Sertoli
Jazf1	Sertoli
Ston2	granulosa
Tgfbr3	granulosa
Cxxc5	Sertoli
H2-D1	granulosa
Inha	granulosa
Susd1	granulosa
Chp2	Sertoli
Igf1	granulosa
Tspan5	Sertoli
Fbrsl1	Sertoli
Plekhd1	granulosa
Irs1	granulosa
Tdrd5	granulosa
Ssh1	Sertoli
Gm13456	granulosa
Fads2	Sertoli
Shc4	Sertoli
Sat1	Sertoli
Shc2	Sertoli
Nudt19	Sertoli
Diaph2	Sertoli
Rps13	granulosa
Foxp2	granulosa
Ctnnal1	Sertoli
Itgb8	Sertoli
Slc25a45	Sertoli
Mxd1	Sertoli
Nudt4	Sertoli
Npdc1	granulosa
Adamts6	granulosa
Stag3	Sertoli
Cfh	granulosa
Agpat4	Sertoli
Abhd4	Sertoli
Eps15	Sertoli
Igsf3	granulosa
Rpl32	granulosa
Gdf9	granulosa
Gata1	Sertoli
Inhbb	granulosa
Rps15a	granulosa
Il10ra	Sertoli
Adck5	granulosa
Hpgd	granulosa
Exoc3l	Sertoli
Tril	granulosa
Zdhhc2	Sertoli
St8sia1	Sertoli
Tjp2	Sertoli
S1pr1	Sertoli
Tbc1d30	Sertoli
Ehd2	granulosa
Impdh1	granulosa
Adamts10	granulosa
Atp10a	granulosa
Dlc1	granulosa
Vcl	Sertoli
Rpl36	granulosa
1110032F04Rik	granulosa
Pea15a	Sertoli
Rpl36a	granulosa
mt-Rnr2	Sertoli
Tuba1a	Sertoli
Psd	granulosa
Nnat	granulosa
Ltbp1	granulosa
Zbed3	granulosa
Angptl2	granulosa
Nt5c3	Sertoli
Myh10	granulosa
Stac2	Sertoli
Cyth3	Sertoli
Rps17	granulosa
AA414768	Sertoli
Pde7b	granulosa
Adgrl2	Sertoli
Tiam1	Sertoli
Mob3b	Sertoli
Syne3	Sertoli
Plxdc2	granulosa
Atf3	Sertoli
Abtb2	Sertoli
Peg10	Sertoli
Dpysl3	granulosa
Derl3	granulosa
Nedd9	Sertoli
Vapa	Sertoli
Rps4x	granulosa
Epb41l2	Sertoli
Mdfic	granulosa
Trib1	Sertoli
Mpeg1	Sertoli
Slc44a2	Sertoli
Abcc1	Sertoli
Vstm4	Sertoli
Ccdc8	granulosa
Rgs17	Sertoli
Tspyl2	Sertoli
Coro2a	Sertoli
Nucb1	granulosa
Rhou	Sertoli
Prrg1	Sertoli
Arhgef3	Sertoli
Meioc	Sertoli
Crtap	granulosa
Metrnl	granulosa
Zyx	Sertoli
Myc	granulosa
Syt9	Sertoli
Rara	Sertoli
Slc35g1	Sertoli
Csrnp3	granulosa
Hspg2	granulosa
Slain1	Sertoli
Tmem132a	granulosa
Nckap5	Sertoli
Mex3b	Sertoli
Ppic	granulosa
Fam171b	granulosa
Rgl1	Sertoli
Pik3r3	Sertoli
Cyp1b1	granulosa
Zfp57	granulosa
Col27a1	granulosa
Rin3	Sertoli
Crebrf	Sertoli
Rgmb	Sertoli
P4hb	granulosa
Tnfrsf12a	Sertoli
Cltb	Sertoli
Bcor	granulosa
Mtpn	Sertoli
Tgfb1i1	granulosa
Dap	granulosa
Nol4l	Sertoli
Map7	Sertoli
Camta1	granulosa
Smoc2	granulosa
Cndp2	granulosa
Esyt3	Sertoli
Rnf208	Sertoli
Myo7a	Sertoli
Zbtb46	Sertoli
Tgif2	Sertoli
Tmem35a	Sertoli
Fam124a	Sertoli
Srpk2	Sertoli
Tspan17	Sertoli
Ext1	granulosa
Lrrc75b	Sertoli
Cebpa	granulosa
Evc2	granulosa
Col11a1	granulosa
Synpo	granulosa
Rpsa	granulosa
Rpl10	granulosa
Ppm1l	Sertoli
Bcl11a	granulosa
Srgap3	Sertoli
Heg1	granulosa
Lama1	granulosa
Adamts5	granulosa
Rps9	granulosa
Gramd1b	granulosa
Fbxo21	Sertoli
Rapgef4	granulosa
Slc52a3	Sertoli
Clcn2	Sertoli
Phf13	Sertoli
Slc45a4	Sertoli
Sgpp1	Sertoli
Nfic	Sertoli
Ccdc3	granulosa
Hspb1	Sertoli
Prelp	Sertoli
Etnk2	Sertoli
Cebpb	granulosa
9-Sep	Sertoli
Cyp11a1	granulosa
Arhgef6	granulosa
H2-Q10	Sertoli
Sulf1	Sertoli
Ubash3b	granulosa
Glb1l2	Sertoli
Igdcc4	granulosa
Hmgb3	Sertoli
Adcyap1r1	Sertoli
Cnmd	granulosa
Ndrg2	granulosa
Arl4a	Sertoli
Cytip	Sertoli
Tmc7	Sertoli
Aldh1a2	Sertoli
Alcam	Sertoli
Fkbp1a	Sertoli
Zfp277	granulosa
Itga2	granulosa
Slc41a3	Sertoli
Ndfip1	Sertoli
Smpx	Sertoli
Mfap2	granulosa
Pomt1	granulosa
Epn2	granulosa
Cabp1	Sertoli
Impa1	Sertoli
Tex19.2	Sertoli
Rpl12	granulosa
Sema5a	granulosa
Tnfrsf1b	granulosa
Pparg	granulosa
Spire2	Sertoli
Papss2	granulosa
Sema3b	granulosa
Ank3	granulosa
Agtrap	Sertoli
Rbm46	Sertoli
Nfatc2	Sertoli
Clcn5	Sertoli
Prkar2b	granulosa
Csrp2	granulosa
Pde8b	Sertoli
Kdm7a	Sertoli
Arhgap26	Sertoli
Foxo3	Sertoli
Mtcl1	Sertoli
Kcnj3	granulosa
Jade1	Sertoli
Slc25a35	granulosa
Dcaf12l1	Sertoli
P2ry2	Sertoli
Ednra	granulosa
Hmgcs1	Sertoli
Rps29	granulosa
Trim47	Sertoli
Cdc42	Sertoli
Parm1	granulosa
Slc8a1	granulosa
Id3	granulosa
Ano4	granulosa
Frmd5	granulosa
Klhl15	Sertoli
Ndrg1	Sertoli
F11r	Sertoli
Tpi1	granulosa
Nlrp4f	granulosa
Dcbld2	Sertoli
Usp53	Sertoli
Rlim	Sertoli
Xylt1	Sertoli
Psd4	granulosa
Cycs	Sertoli
Txndc5	granulosa
Rragd	Sertoli
Tes	granulosa
Chmp4c	Sertoli
Uxs1	Sertoli
Dock6	granulosa
Wasf1	Sertoli
Plau	granulosa
Fam78a	granulosa
Abhd6	Sertoli
Scpep1	granulosa
Cpxm1	granulosa
Fndc5	Sertoli
Mxra7	Sertoli
Brpf3	Sertoli
Rpl37a	granulosa
Selenop	granulosa
Rpl37	granulosa
Tanc2	granulosa
Fam210b	Sertoli
Fgf11	Sertoli
Tuba3b	Sertoli
Hjurp	granulosa
Car5b	Sertoli
Fam98a	granulosa
Tox	Sertoli
Vcpip1	Sertoli
Thbs4	granulosa
Kcng2	Sertoli
Pdlim1	granulosa
Rpn1	granulosa
Ano1	granulosa
Gask1b	Sertoli
Mark4	Sertoli
B4galnt1	Sertoli
Elovl6	granulosa
Mybpc3	granulosa
Tns1	granulosa
Qk	Sertoli
Hbb-bs	granulosa
Npepl1	granulosa
Fkbp6	Sertoli
Eef1b2	granulosa
Tdrp	Sertoli
Ajuba	Sertoli
Foxn3	Sertoli
Ihh	granulosa
Rpl13	granulosa
Lrrc2	granulosa
Slc7a8	granulosa
Mafa	Sertoli
Trak1	Sertoli
H6pd	granulosa
Mpped2	granulosa
Caskin1	Sertoli
Rpl10a	granulosa
Bmp2k	Sertoli
Stat5a	granulosa
Rpl28	granulosa
Serpinb1a	granulosa
Rec8	Sertoli
Cst9	Sertoli
2410002F23Rik	Sertoli
Gm7972	Sertoli
Slc45a3	granulosa
Grin2c	granulosa
Ap1s2	Sertoli
Rps3	granulosa
Pros1	granulosa
Zfp711	Sertoli
Abat	Sertoli
Eif4e1b	granulosa
Ctsz	granulosa
Mctp1	granulosa
Hip1r	granulosa
Slc38a3	granulosa
Atp5g3	granulosa
Ormdl3	Sertoli
Agfg2	Sertoli
Ywhah	Sertoli
Atp1b1	Sertoli
Zfp398	Sertoli
Tpbgl	Sertoli
Efr3b	granulosa
Smc1b	Sertoli
Nr0b1	Sertoli
Dusp16	Sertoli
Slc31a1	Sertoli
Fam126a	Sertoli
Myzap	Sertoli
Prss35	Sertoli
Slc24a3	Sertoli
Hsd17b3	Sertoli
Icosl	granulosa
Rplp1	granulosa
Arl4d	Sertoli
Wfdc10	Sertoli
Pcdh7	granulosa
Clu	Sertoli
Rab11a	Sertoli
Bcar1	Sertoli
Arhgap20	Sertoli
Rnd3	Sertoli
Mogs	granulosa
Klf9	Sertoli
Meis1	Sertoli
Arsb	granulosa
Nrn1	granulosa
Fzd1	Sertoli
Helz	Sertoli
Uhrf1	granulosa
Rimklb	granulosa
Rims4	granulosa
Pdk4	granulosa
Bmp2	granulosa
Zcchc24	granulosa
Ubc	granulosa
Rps6	granulosa
Camk2n1	granulosa
Asph	granulosa
Entpd5	Sertoli
Birc2	Sertoli
Rrbp1	granulosa
Phldb1	granulosa
Ptprs	granulosa
Eif3f	granulosa
Slc11a2	Sertoli
Sned1	granulosa
Mif	granulosa
1500009L16Rik	Sertoli
Sh3gl3	Sertoli
Akr1b3	Sertoli
Gatm	Sertoli
Prr15	Sertoli
Tgm2	Sertoli
Kcnk6	Sertoli
Rarres2	granulosa
Scamp1	Sertoli
Dusp8	Sertoli
Ermp1	granulosa
Arap2	Sertoli
Hps3	Sertoli
Rps5	granulosa
Jam3	Sertoli
Bub1b	granulosa
Mef2a	Sertoli
Rpl3-ps1	granulosa
Sh3kbp1	granulosa
Tifa	Sertoli
Marcksl1	Sertoli
Fmod	Sertoli
Vdac3	Sertoli
Ttc39c	Sertoli
Tpbg	granulosa
Rps25	granulosa
Cdyl	Sertoli
Dab2ip	Sertoli
Gfpt2	granulosa
Tcl1	granulosa
Pard3b	Sertoli
Ccn1	Sertoli
Tafa5	Sertoli
Trim8	granulosa
Msrb3	Sertoli
Plekhh2	Sertoli
Gm4969	Sertoli
Exoc6	Sertoli
Fcgrt	granulosa
Zxdb	Sertoli
Sema3d	Sertoli
Prps2	granulosa
Col4a5	granulosa
Mkx	granulosa
Efemp2	granulosa
H2afz	granulosa
Ttyh2	Sertoli
Tapbp	Sertoli
Srcin1	granulosa
Efna5	granulosa
Snx33	Sertoli
Serf2	Sertoli
Smim1	Sertoli
Tspan7	Sertoli
Nid1	Sertoli
Sox13	Sertoli
Sort1	Sertoli
Nfatc2ip	Sertoli
Cacng5	Sertoli
Greb1l	granulosa
Repin1	granulosa
Abca7	granulosa
Gem	granulosa
Mapk4	Sertoli
Slc25a22	granulosa
Lgals3bp	granulosa
4930447C04Rik	Sertoli
Rps26	granulosa
Slc38a1	granulosa
Apoa1	granulosa
Dab2	granulosa
Fosl2	granulosa
Hdhd5	Sertoli
Csrnp1	Sertoli
Sncaip	granulosa
Erbb4	Sertoli
Ube2e3	Sertoli
Ugt8a	Sertoli
Ghr	granulosa
Hoxb9	Sertoli
Mylk	Sertoli
Myocd	granulosa
Angptl4	granulosa
Rab11fip1	Sertoli
Tnfaip3	Sertoli
Fhod3	granulosa
Tead2	granulosa
Emilin2	granulosa
St5	Sertoli
Csdc2	Sertoli
Scx	Sertoli
Cdc42ep4	Sertoli
Rasl12	Sertoli
Map2k1	granulosa
AU022751	granulosa
Pid1	granulosa
H2-Q4	granulosa
Galk1	granulosa
Myl9	Sertoli
Arhgap23	Sertoli
Chrdl1	granulosa
Tut4	granulosa
Grb14	granulosa
Nckap5l	Sertoli
Rpl26	granulosa
Tuba3a	Sertoli
Map3k1	Sertoli
Gm10260	granulosa
Lbh	Sertoli
Sycp2	Sertoli
Armcx4	granulosa
Btnl10	Sertoli
Sgpp2	granulosa
Serpinb6b	granulosa
Slc25a42	granulosa
Srm	granulosa
Erf	Sertoli
Egfr	granulosa
Arhgap31	granulosa
Prickle1	Sertoli
Spint2	Sertoli
Med19	Sertoli
Creb3	Sertoli
H2-T23	granulosa
Robo4	Sertoli
Usp27x	Sertoli
Zfpm1	Sertoli
Plac1	Sertoli
Cyp26b1	Sertoli
Rplp0	granulosa
Dpysl2	Sertoli
Sesn2	Sertoli
Pip5k1b	Sertoli
Shisa5	granulosa
She	granulosa
Vwa1	Sertoli
Nfil3	Sertoli
Dmrtc1a	Sertoli
Pja1	Sertoli
Zdhhc23	granulosa
Spp1	Sertoli
Tkt	granulosa
Fam241a	Sertoli
Cx3cl1	granulosa
Smim3	granulosa
Syt2	Sertoli
Amotl1	granulosa
Tex16	Sertoli
Tfe3	Sertoli
Zfp518a	Sertoli
Elk3	granulosa
Alpk3	granulosa
Slc16a2	Sertoli
Pla2g4c	granulosa
Gsta4	Sertoli
Zfp41	granulosa
St8sia2	Sertoli
Slc6a14	Sertoli
Cpeb2	Sertoli
Eif3l	granulosa
Olfm1	granulosa
Maml2	granulosa
Sema4c	granulosa
Fam81a	granulosa
Slc2a3	Sertoli
Tmem176b	granulosa
Gspt2	Sertoli
Flrt2	Sertoli
Tmem214	granulosa
Nudt11	Sertoli
Cc2d2a	granulosa
Nrarp	Sertoli
Mkrn1	Sertoli
Mfge8	granulosa
Klf6	Sertoli
Sh3bp5	Sertoli
Esyt1	granulosa
Runx1	granulosa
Ssx2ip	Sertoli
Gm1070	granulosa
Adcy3	granulosa
Rab11fip3	Sertoli
Uba6	Sertoli
Ccno	granulosa
Flvcr1	granulosa
Igf2bp3	Sertoli
Micu1	Sertoli
Art3	Sertoli
Kif5c	Sertoli
Gm44250	granulosa
Slc16a4	Sertoli
Scube1	granulosa
Fam189a2	Sertoli
Galnt18	Sertoli
A530020G20Rik	granulosa
Kdelr3	granulosa
Camsap3	Sertoli
Klhl11	Sertoli
Itgav	granulosa
Otulinl	Sertoli
Tle4	Sertoli
Gm7901	Sertoli
Pitpnm1	granulosa
4930550L24Rik	Sertoli
Gas2l1	Sertoli
Stat1	Sertoli
Adcy6	granulosa
Gsta3	Sertoli
Hrk	Sertoli
Prcd	Sertoli
Pag1	Sertoli
Itga6	Sertoli
Tmem94	granulosa
Igfbp4	granulosa
Cadm3	Sertoli
Arl8a	Sertoli
Dusp3	Sertoli
Nceh1	granulosa
Clip3	Sertoli
Adm	Sertoli
Gm10736	granulosa
Crim1	granulosa
Acsl4	Sertoli
Retreg1	Sertoli
Tspan9	granulosa
Itga9	granulosa
Slc37a2	Sertoli
Cdc14b	Sertoli
Acacb	granulosa
Heyl	granulosa
Vldlr	granulosa
Sod3	Sertoli
Cavin2	Sertoli
Oas1c	granulosa
AC109619.1	Sertoli
Ap3s1	Sertoli
Ric3	Sertoli
Rph3al	granulosa
Slc2a12	Sertoli
Itga5	granulosa
Usp32	Sertoli
Krt8	granulosa
Klf12	Sertoli
Gm28875	Sertoli
2-Mar	granulosa
Kifc3	granulosa
Arhgap27	granulosa
Mybl1	Sertoli
Dpep3	Sertoli
Stk39	Sertoli
1810037I17Rik	Sertoli
Ddx4	Sertoli
B630019K06Rik	Sertoli
Tmem29	Sertoli
Tdrkh	Sertoli
Kcnq5	granulosa
Nek6	granulosa
2610035D17Rik	Sertoli
Carmil1	Sertoli
Tcf7l1	granulosa
Gpr161	granulosa
Nxf2	Sertoli
Stra6	Sertoli
Fabp5	granulosa
Pet2	Sertoli
Plcd3	Sertoli
Phactr1	Sertoli
Mageb7-ps	Sertoli
Napepld	Sertoli
Pim1	Sertoli
Rpl35	granulosa
Lmna	granulosa
Piwil2	Sertoli
Plekhb2	Sertoli
Nppc	granulosa
Rhox8	Sertoli
Actn1	granulosa
Npm2	granulosa
Fam76a	Sertoli
Slc23a2	granulosa
Cklf	granulosa
Pim3	granulosa
Zfp950	granulosa
Pold1	granulosa
Pknox2	granulosa
Pgls	granulosa
Lpar1	Sertoli
Crabp2	granulosa
Galnt15	granulosa
Ckb	granulosa
Rpl38	granulosa
Cyb5a	granulosa
C9orf72	Sertoli
Smtn	granulosa
Ddr1	Sertoli
Gpat2	Sertoli
Itm2a	granulosa
B4galt2	granulosa
Cdr2l	Sertoli
Fam160a1	granulosa
Gpd1	Sertoli
Calhm2	Sertoli
Pik3c2a	Sertoli
Rpl38-ps2	granulosa
Mb21d2	Sertoli
Ncmap	Sertoli
Evi5l	Sertoli
Fndc4	granulosa
Prkag2	granulosa
Klf4	Sertoli
Axin2	Sertoli
Zfp503	granulosa
Irx3	granulosa
Tle6	granulosa
Trim61	granulosa
Lgr6	granulosa
Usp26	Sertoli
Phex	granulosa
Lfng	Sertoli
Flnb	granulosa
Mpnd	granulosa
Dync1i1	Sertoli
Prkra	Sertoli
Mapk13	Sertoli
Ripk3	Sertoli
Dusp15	Sertoli
D030056L22Rik	Sertoli
Fgd3	granulosa
Fzd2	granulosa
Aff2	granulosa
Uqcrc1	granulosa
Gys1	granulosa
Plekha2	granulosa
Gm3325	Sertoli
Aldh18a1	granulosa
Gja6	Sertoli
Shroom3	granulosa
Prss12	Sertoli
Rassf4	granulosa
Dclre1c	Sertoli
Rundc3b	Sertoli
Smtnl2	Sertoli
Pkd2l2	granulosa
Grik3	granulosa
Rflnb	granulosa
Apoa4	granulosa
Pard3	granulosa
Eppin	Sertoli
Lpcat2	Sertoli
Kcnk1	granulosa
Sycp3	Sertoli
Gm14569	Sertoli
Arhgef39	granulosa
Lrp3	granulosa
Ccnb2	granulosa
Pxdn	granulosa
Rps3a1	granulosa
4933402E13Rik	Sertoli
Omd	granulosa
L3mbtl4	Sertoli
Clstn2	granulosa
Nxn	granulosa
Atp9a	granulosa
Etv5	Sertoli
Ooep	granulosa
Hs3st1	granulosa
Lpgat1	granulosa
Foxl2	granulosa
Wee1	Sertoli
Rspo2	granulosa
14-Sep	Sertoli
Peg13	granulosa
Hepacam	Sertoli
Dcun1d3	Sertoli
Dnph1	granulosa
Pcdh18	granulosa
Pgk1	granulosa
Gm25047	Sertoli
Ptk7	granulosa
Map7d3	Sertoli
Nxnl2	Sertoli
Gm15344	Sertoli
Kank4	granulosa
Acss2	Sertoli
Ccdc36	Sertoli
Spin2c	granulosa
Gja4	granulosa
Slc44a3	granulosa
Plekhb1	Sertoli
Gdpd5	granulosa
Arrb1	granulosa
Cnp	Sertoli
Star	Sertoli
Itgb3	granulosa
Gm6472	granulosa
Zfp462	Sertoli
Rarres1	Sertoli
Krtcap2	granulosa
Galc	granulosa
Cobll1	Sertoli
Pdgfb	granulosa
Ccnd1	Sertoli
Large1	granulosa
Vxn	Sertoli
Lox	granulosa
Rnase4	granulosa
Ptgr1	Sertoli
Tap1	granulosa
Plpp5	granulosa
Camk1	granulosa
Cnnm1	granulosa
Mboat1	granulosa
Igfbp2	granulosa
Kcnd3	Sertoli
Fgd5	granulosa
Shisa2	Sertoli
Gm15262	Sertoli
Npl	Sertoli
Miox	granulosa
Stom	Sertoli
D6Ertd527e	granulosa
Dok7	granulosa
Cav1	granulosa
Lpcat1	granulosa
Mov10l1	Sertoli
Nos2	granulosa
Fam20c	granulosa
Hspb8	Sertoli
Slc41a2	Sertoli
Sycp1	Sertoli
Tent5b	granulosa
Prrt4	granulosa
Hba-a1	granulosa
Fyb2	Sertoli
Slc25a12	granulosa
Ano8	granulosa
Taf7l	Sertoli
Loxl1	granulosa
Crebl2	Sertoli
Coch	granulosa
Fbln1	granulosa
Bcl3	Sertoli
Bricd5	Sertoli
Rorc	Sertoli
Sardh	granulosa
Ahsg	Sertoli
Tap2	granulosa
Mafb	Sertoli
Slc18a2	granulosa
Gpc1	granulosa
Tmie	Sertoli
Rdh10	Sertoli
Gm42303	granulosa
Dmrt1	Sertoli
Nup62cl	Sertoli
Entpd1	granulosa
Mcam	Sertoli
P3h3	granulosa
Comp	granulosa
Tmtc1	granulosa
Ebf4	granulosa
Zranb3	granulosa
Fam90a1b	Sertoli
Fbln2	Sertoli
Dlg3	granulosa
Hspa2	Sertoli
Rnf181	Sertoli
Slc19a1	granulosa
Bc1	Sertoli
Slc1a6	Sertoli
Gm35533	Sertoli
Fam110b	Sertoli
Rragb	Sertoli
Rarg	granulosa
Lamb1	granulosa
Acsl5	granulosa
Alpl	Sertoli
Ak4	granulosa
Erbb3	Sertoli
Fam162a	granulosa
Tubb2a	granulosa
Cotl1	granulosa
Hyi	granulosa
Slc9a7	granulosa
Lactb	Sertoli
P2rx2	Sertoli
Tpmt	Sertoli
Grem1	granulosa
Nup210	granulosa
Cdo1	Sertoli
Ntf5	Sertoli
Bmp3	granulosa
Kcnk2	granulosa
Tst	Sertoli
Marveld1	granulosa
C1s1	Sertoli
Gamt	Sertoli
Shroom1	granulosa
Glb1	granulosa
Cbs	granulosa
Cdt1	granulosa
Steap3	granulosa
Rassf10	Sertoli
Rab33a	granulosa
Tcf24	Sertoli
H2-M3	granulosa
Pla2g7	Sertoli
Clec1a	granulosa
Colgalt2	granulosa
Cmip	granulosa
Pimreg	granulosa
Cope	granulosa
Pclaf	granulosa
Lpar3	Sertoli
Syce1	Sertoli
Gdpd2	granulosa
Gm11942	granulosa
Zfp7	Sertoli
E330021D16Rik	granulosa
Gm13394	granulosa
Ddx3y	Sertoli
Zfp9	granulosa
8030451A03Rik	granulosa
Pon3	granulosa
Aurkb	granulosa
Gm10076	Sertoli
Kif5b	Sertoli
Nkx3-1	Sertoli
Dapp1	Sertoli
Fh1	granulosa
P3h2	granulosa
Tent5d	Sertoli
Acat3	Sertoli
Mdfi	granulosa
Rnf222	Sertoli
Angpt2	granulosa
Ccnb1	granulosa
Tsku	granulosa
Pex11a	Sertoli
Itga3	granulosa
Acvrl1	Sertoli
Khdrbs3	granulosa
Pld2	granulosa
Kif2c	granulosa
Gm4779	Sertoli
Nexn	granulosa
Sh3bgrl2	Sertoli
Eif4e3	granulosa
Kcnk3	granulosa
Mycbp	Sertoli
Gm47163	Sertoli
Fgf13	Sertoli
Cd36	granulosa
Tmem176a	granulosa
Otud1	Sertoli
Hcn2	granulosa
Ephx1	granulosa
Dsp	granulosa
Gas2l3	granulosa
8030474K03Rik	Sertoli
Tcirg1	granulosa
Filip1l	Sertoli
Car14	granulosa
Tmem98	granulosa
Calr4	Sertoli
Gm4912	Sertoli
Fzd9	Sertoli
Dse	granulosa
Eif3k	granulosa
Grasp	granulosa
Rbp1	Sertoli
Cyb561	Sertoli
Abcc3	granulosa
Rpp25	Sertoli
Wnt4	granulosa
Emx2	granulosa
Podxl2	granulosa
Nobox	granulosa
Gstp1	granulosa
H2-T22	granulosa
Pcsk1n	Sertoli
Etd	Sertoli
Doc2b	Sertoli
Bmp15	granulosa
Rnf138rt1	Sertoli
Stbd1	granulosa
Dctd	granulosa
Eif4ebp1	granulosa
Frzb	Sertoli
Plppr3	granulosa
Plk1	granulosa
Lipg	Sertoli
Lrrn2	granulosa
Mgp	granulosa
Fbxo17	Sertoli
Selenow	granulosa
Cdyl2	Sertoli
Cyp17a1	granulosa
Tusc1	Sertoli
Scarna17	granulosa
Perp	granulosa
Fam50a	granulosa
D16Ertd472e	granulosa
Pdgfa	Sertoli
4930581F22Rik	granulosa
Kif22	granulosa
Slc6a15	granulosa
Zfp385a	Sertoli
Mael	Sertoli
Rhbdf1	granulosa
Nags	Sertoli
B3glct	granulosa
Renbp	granulosa
Bcl2l10	granulosa
Tbx22	Sertoli
Tomm7	granulosa
Cplx2	granulosa
Lpcat4	granulosa
Prdm9	Sertoli
Zfp946	Sertoli
Zp2	granulosa
Crispld2	granulosa
Col6a4	granulosa
Khdc1b	granulosa
Ifitm2	granulosa
Gabbr1	granulosa
Agpat2	granulosa
Mfsd13a	Sertoli
Atoh8	granulosa
Maml3	Sertoli
Zp3	granulosa
Il11ra1	granulosa
Gipc3	Sertoli
Tlcd2	granulosa
4921507P07Rik	Sertoli
Zar1	granulosa
Eif2s3y	Sertoli
Tmem25	granulosa
Creb3l3	granulosa
Il17rc	granulosa
Romo1	granulosa
Prss50	Sertoli
Nlrp5	granulosa
Capg	granulosa
Epha1	Sertoli
Ccnjl	Sertoli
Cidea	Sertoli
Nle1	granulosa
Defb42	Sertoli
Slc43a3	granulosa
Fam189b	granulosa
Tnfrsf11b	Sertoli
Cyp19a1	granulosa
Cystm1	Sertoli
Susd4	granulosa
Tex101	Sertoli
Art4	granulosa
Ndufa2	granulosa
2010204K13Rik	Sertoli
Tspyl5	Sertoli
Tmem144	Sertoli
Hexb	granulosa
Zbtb8b	granulosa
Spsb4	granulosa
Dmc1	Sertoli
Ptgis	granulosa
Gpr165	granulosa
Hao2	granulosa
Adam8	granulosa
AA465934	granulosa
Mtfr2	granulosa
Rimkla	granulosa
E130114P18Rik	Sertoli
Omp	Sertoli
Il13ra1	Sertoli
Col1a1	granulosa
Psrc1	granulosa
Snta1	granulosa
AI854703	granulosa
Cxcr4	Sertoli
Nmral1	granulosa
Tmem136	granulosa
Glb1l3	Sertoli
Oog3	granulosa
2410006H16Rik	granulosa
Dnajb13	granulosa
Fam57b	Sertoli
Zfp125	Sertoli
Rfpl4	granulosa
Cpsf4l	granulosa
Dhrs3	granulosa
Slc30a3	granulosa
Plp2	granulosa
Akr1b10	Sertoli
Tbc1d9	Sertoli
Elobl	granulosa
Knstrn	granulosa
Gm5345	Sertoli
Kcng3	Sertoli
Ube2c	granulosa
Smim41	Sertoli
Tspan4	granulosa
Dlgap5	granulosa
Sdhaf3	Sertoli
Zp1	granulosa
Serpinb9	granulosa
Lrrtm3	granulosa
Arhgap10	granulosa
Gm5898	Sertoli
St3gal6	Sertoli
Tagap	Sertoli
Smpdl3a	granulosa
Ndufa9	granulosa
Trim75	granulosa
Atp5e	granulosa
Gdf11	granulosa
Nlrp9b	granulosa
Acp7	Sertoli
Dppa3	granulosa
C77080	granulosa
Padi6	granulosa
Pramel	Sertoli
Eef1a1-ps1	granulosa
Efna1	granulosa
Kctd17	granulosa
Cdkn2d	Sertoli
Gm364	Sertoli
Gucy1a1	granulosa
Gm13023	granulosa
C86187	granulosa
Nlrp4a	granulosa
Hist3h2a	Sertoli
Ankrd13b	granulosa
Gsta2	Sertoli
Cage1	Sertoli
Uba1y	Sertoli
C87977	granulosa
Gulo	granulosa
Nme2	granulosa
Zfp692	granulosa
Stra8	Sertoli
Oas1d	granulosa
Obox5	granulosa
Gm14226	Sertoli
Suox	granulosa
Fam107b	granulosa
Oas1e	granulosa
Ankle1	granulosa
H1foo	granulosa
Obox2	granulosa
Zfp296	granulosa
Rtl4	Sertoli
Cdkn2b	Sertoli
Obox1	granulosa
Sult1a1	Sertoli
Defb36	Sertoli
Gm16270	Sertoli
Slc25a18	Sertoli
Troap	granulosa
Pidd1	granulosa
Btg4	granulosa
Peli2	granulosa
Umodl1	granulosa
Fbxw24	granulosa
Irx5	granulosa
Fetub	granulosa
Relt	granulosa
Sncb	Sertoli
Zpld1	granulosa
Mageb18	Sertoli
Tktl1	Sertoli
Esx1	Sertoli
D1Pas1	Sertoli
Zfp775	granulosa
Itih2	granulosa
Ifitm3	granulosa
Tnfrsf10b	granulosa
Gm13084	granulosa
Acot7	granulosa
Trpc6	granulosa
Nptx2	Sertoli
Gm47528	granulosa
Nlrp4b	granulosa
Hba-a2	granulosa
E330034G19Rik	granulosa
Armcx6	granulosa
Rbmxl2	Sertoli
Thap3	granulosa
Nkx1-2	Sertoli
Cped1	granulosa
Depdc7	granulosa
Kcna6	Sertoli
Gm30292	granulosa
Mrap	granulosa
Ndufs7	granulosa
Eno1b	granulosa
Astl	granulosa
Lrrc4	Sertoli
Itpka	Sertoli
1700011M02Rik	Sertoli
Inca1	Sertoli
Fgf18	Sertoli
Gm10680	granulosa
Gm49041	Sertoli
Hbb-bt	granulosa
Dmrt3	Sertoli
Gm10436	granulosa
Ogn	granulosa
Gm527	Sertoli
Gm43566	Sertoli
Gm15181	granulosa
Wfdc6a	Sertoli
Gm44292	Sertoli
Gm49331	Sertoli
Eya2	granulosa
Oosp1	granulosa
Lyz2	granulosa
Klf17	granulosa
Nudc-ps1	Sertoli
Myl6b	Sertoli
Nlrp2	granulosa
Wif1	Sertoli
E330017A01Rik	granulosa
C87499	granulosa
Blvrb	granulosa
Pcna-ps2	granulosa
Gm1965	granulosa
Gng7	Sertoli
Dpf1	Sertoli
Cpne8	Sertoli
Cdca5	granulosa
Gm12065	granulosa
Qtrt1	granulosa
Cstdc1	Sertoli
Unc93b1	granulosa
1010001N08Rik	granulosa
Epcam	Sertoli
Rtn4rl1	Sertoli
Tceal6	Sertoli
Gm49442	Sertoli
Fbxw18	granulosa
Pcyox1l	granulosa
Micall2	Sertoli
Gm7224	Sertoli
Cfi	Sertoli
Gstt1	granulosa
Oas1h	granulosa
Atp5mpl	granulosa
A4galt	granulosa
Rftn1	granulosa
Nupr1	granulosa
Lrrc10b	granulosa
Gm31759	granulosa
Gm8276	granulosa
Gm13889	granulosa
Gm9347	Sertoli
4933416E14Rik	Sertoli
Taf7l2	Sertoli
Rgs13	granulosa
Hopx	Sertoli
Sdhb	granulosa
Efs	Sertoli
Ccdc122	Sertoli
Rpl15-ps2	granulosa
Gm19412	Sertoli
Rai2	granulosa
Raet1d	granulosa
Rnase1	granulosa
Slc7a7	granulosa
1700013H16Rik	Sertoli
Tagln	granulosa
Reln	granulosa
Asb4	granulosa
Fbxw21	granulosa
Omt2b	granulosa
Uqcr11	granulosa
Hormad1	Sertoli
Ndufa11	granulosa
Gm30505	Sertoli
Wnt5b	granulosa
Mos	granulosa
Accsl	granulosa
Pappa	Sertoli
Aqp5	Sertoli
Cpa1	granulosa
Gm4926	granulosa
Oog2	granulosa
Ifi204	granulosa
Idi1	Sertoli
Rgcc	granulosa
Omt2a	granulosa
Gm40552	Sertoli
Rpl10l	Sertoli
Cd68	granulosa
Smad6	granulosa
Rhox13	Sertoli
Ly6k	Sertoli
Macrod1	granulosa
Fuz	granulosa
Fbxw15	granulosa
Pabpn1l	granulosa
Sord	granulosa
Fbxw14	granulosa
Gm45650	granulosa
Sh3bgr	Sertoli
Tcl1b1	granulosa
Fam151a	granulosa
Lin28a	Sertoli
Fbxw16	granulosa
Fbxw28	granulosa
Gm8210	granulosa
Gm5855	granulosa
Ascc1	granulosa
Gm10819	Sertoli
Leng9	Sertoli
Meig1	Sertoli
Tmem45a	granulosa
Dkkl1	granulosa
M1ap	Sertoli
Trim34b	Sertoli
Kcne2	granulosa
Fbxw26	granulosa
Gm41	Sertoli
Clec2d	granulosa
Efemp1	Sertoli
Cadm4	Sertoli
Zar1l	granulosa
Trim60	granulosa
Prr19	Sertoli
1700018G05Rik	Sertoli
Nme4	granulosa
Mt3	Sertoli
Nradd	granulosa
Tmem221	granulosa
Gm7993	granulosa
Gm371	Sertoli
Foxs1	Sertoli
Wee2	granulosa
Gm8801	granulosa
Dppa5a	granulosa
Sox3	Sertoli
Gm813	granulosa
Zdhhc14	Sertoli
Pramef20	granulosa
Fbxw19	granulosa
Gm10020	granulosa
Slc38a5	granulosa
Cenpm	granulosa
BC023719	granulosa
Fgfbp3	granulosa
Emp3	granulosa
Dynap	granulosa
Gm9112	Sertoli
Cd74	granulosa
Foxl2os	granulosa
1810065E05Rik	granulosa
Gm11868	granulosa
Gm28730	granulosa
Gm2423	Sertoli
Gm9008	granulosa
Layn	granulosa
Gm10705	Sertoli
Gm17097	granulosa
Ogfod3	granulosa
A230065N10Rik	granulosa
Igfbp7	granulosa
Gm8199	granulosa
Gm45670	Sertoli
Gm32391	Sertoli
Gm10060	granulosa
Aip	granulosa
Rn7sk	granulosa
Trap1a	Sertoli
Gm10263	granulosa
Gm4322	granulosa
Top1mt	granulosa
Jsrp1	Sertoli
Apoc3	granulosa
Akr1c13	granulosa
2810468N07Rik	Sertoli
Gm50361	granulosa
Endog	granulosa
2810001G20Rik	Sertoli
AL672038.1	Sertoli
Ninj2	granulosa
Gm7729	granulosa
Gm10297	Sertoli
L3hypdh	granulosa
Gm11361	granulosa
Lhcgr	granulosa
Gm8420	granulosa
Vpreb3	granulosa
S100a6	granulosa
Fmc1	granulosa
Etfb	granulosa
Gm21887	granulosa
Rab38	granulosa
Tsx	Sertoli
Gm7862	granulosa
Tcl1b2	granulosa
Fmr1nb	Sertoli
Pld6	Sertoli
Shisal2a	granulosa
Gstm2-ps1	Sertoli
Cd7	granulosa
Sfn	Sertoli
Arg2	granulosa
Dync2li1	granulosa
Timp1	granulosa
Psmg4	granulosa
H60b	granulosa
Gm11837	Sertoli
Zmat5	granulosa
1700007K13Rik	granulosa
Mterf2	Sertoli
S100a1	granulosa
S100z	Sertoli
Gm11814	granulosa
Gm20721	granulosa
Wfdc1	Sertoli
mt-Tl1	granulosa
Gm13091	Sertoli
Rhox7-ps2	Sertoli
Gm6089	granulosa
Gm36371	Sertoli
Gm25262	granulosa
Gm6665	Sertoli
Gm15445	Sertoli
Gm15906	Sertoli
Gm48882	granulosa
Gm10123	granulosa
Gm6108	granulosa
Hist1h2bg	granulosa
Gm48562	Sertoli
Snord13	granulosa
S100a13	granulosa
Gm12245	granulosa
Gm23289	Sertoli
Rpl34-ps2	granulosa
Gm29233	granulosa
Gm44066	granulosa
Gm10478	Sertoli
Gm12191	granulosa
Gm20305	granulosa
Gm6334	granulosa
Gm11914	Sertoli
2200002J24Rik	Sertoli
Mir196a-1	Sertoli
Mrpl48-ps	Sertoli
Gm8325	Sertoli
Pgbd5	granulosa
Gm27028	Sertoli
Gm10224	granulosa
Gm6055	Sertoli
Rpl23a-ps3	granulosa
Gm8113	granulosa
Gm24494	granulosa
Eif5al3-ps	granulosa
Gm28188	granulosa
Gm6594	granulosa
Rnu11	granulosa
Gm5905	granulosa
Rps15-ps2	granulosa
Gm9800	granulosa
Mir1898	Sertoli
Gm37350	Sertoli
Npm3-ps1	granulosa
Gm3608	Sertoli
Rpl38-ps1	Sertoli
Gm24996	Sertoli
BC002163	granulosa
Hist1h4h	granulosa
Mir703	granulosa
